Surname,First Name,Gender,Age,Party Choice,Postcode,Email,Job Title,Company,Salary
Matheson,Alison,Female,39,NZ First,6418,thomas76@yahoo.com,Quantity surveyor,Barnes LLC,40000
McPherson,Caitlin,Female,19,National,8213,anthonydavies@pritchard-barnett.maori.nz,Illustrator,"Cook, Pratt and Peters",175000
Robb,Victoria,Female,31,ACT,8869,hunter97@gmail.com,Banker,"McDonald, Thompson and Kelly",195000
Matthews,Debbie,Female,51,ACT,9785,laurensonpeter@xtra.co.nz,Mining engineer,Freeman-Barnett,254000
Wallace,Susan,Female,67,NZ First,8686,matthew87@hope-smith.ac.nz,Industrial/product designer,Cresswell-Smith,225000
Pearce,Janice,Female,32,National,9695,scott23@stratford.org.nz,Land,"Higgins, Edwards and Turner",175000
Tait,Leanne,Female,73,Labour,8995,blackwelldeborah@xtra.co.nz,Gaffer,"Pickering, Jones and Powell",186000
Christie,Lynne,Female,70,ACT,6485,zmcdonald@xtra.co.nz,Engineering geologist,"Campbell, Lane and Vincent",32000
West,Sophie,Female,59,ACT,9313,bellanna@nicholson-taylor.maori.nz,Landscape architect,Gardner and Sons,129000
Thompson,Rachel,Female,38,Green,2642,khealey@donald.geek.nz,Charity fundraiser,"Fisher, Meredith and Roberts",50000
Jackson,Brooke,Female,47,TPM,2245,samuelrodgers@inspire.net.nz,"Conservator, museum/gallery",Morgan PLC,58000
Williams,Brooke,Female,55,Labour,2262,karen61@burgess.school.nz,"Psychologist, prison and probation services","Seymour, Anderson and Anderson",239000
Costello,Sarah,Female,57,National,8668,sheryl51@gmail.com,"Investment banker, operational",Rasmussen and Sons,245000
Henderson,Natasha,Female,27,NZ First,9281,jfurness@moore.ac.nz,Personal assistant,Johnston-Jennings,227000
Stone,Rebecca,Female,23,ACT,8273,davidlarsen@inspire.net.nz,Hospital pharmacist,Currie PLC,180000
Shaw,Christine,Female,64,Green,4802,lallan@inspire.net.nz,"Pharmacist, community",Hughes-O'Connell,120000
Holloway,Nicola,Female,35,National,5566,yorknicholas@dickson.geek.nz,Technical author,Bryant PLC,173000
Taylor,Anika,Female,67,Labour,8142,arohamcewen@lewis.geek.nz,Homeopath,Eden Group,90000
Morrison,Michelle,Female,60,TPM,8547,joanne30@gmail.com,Scientific laboratory technician,Way-Woolley,82000
Lucas,Paula,Female,85,Green,8290,luke36@xtra.co.nz,Medical technical officer,Fenton-Street,101000
Williams,Christine,Female,56,National,8106,martin82@boyd.org.nz,Mudlogger,"Gill, Duncan and Webb",48000
Berry,Jessie,Female,62,ACT,2210,ghoward@webby-mcmanaway.geek.nz,Oceanographer,Burton-Hansen,81000
Anderson,Anahera,Female,41,Labour,8168,grantgoodwin@gmail.com,Arts administrator,Perry Inc,57000
Kemp,Chloe,Female,35,NZ First,2326,schapman@yahoo.com,Insurance underwriter,"Moran, Hoare and MacDonald",65000
Payne,Nicola,Female,50,Green,1682,robertmears@hardy.kiwi.nz,"Psychologist, educational",Jones Ltd,111000
Shand,Louise,Female,50,ACT,8525,matthewneal@stevens-mann.org.nz,"Nurse, learning disability","Smith, Stokes and Fisher",35000
Turnbull,Julie,Female,32,ACT,8591,adamblick@xtra.co.nz,"Engineer, civil (consulting)","Reid, Parker and Wood",256000
Buckley,Christine,Female,87,Green,8806,aaron88@fuller.geek.nz,"Clinical scientist, histocompatibility and immunogenetics","Williams, Allan and Bryant",98000
Burt,Jennifer,Female,75,TPM,7787,mitchellsarah@gmail.com,Data scientist,Wallace-Burns,205000
Jackson,Kaitlyn,Female,68,Green,8603,brittanyedwards@yahoo.com,Chemical engineer,Murphy-Hansen,183000
Jennings,Vanessa,Female,77,ACT,9217,fiona23@drew.maori.nz,"Conservation officer, historic buildings",Nicol Ltd,48000
Jellyman,Olivia,Female,81,Labour,2693,beverley29@simonsen.ac.nz,Youth worker,Davison-McMillan,125000
Lammas,Michelle,Female,82,TPM,8872,neil74@inspire.net.nz,Chief Financial Officer,Perano-Harrison,91000
Williams,Carolyn,Female,82,Green,6147,toliver@hotmail.com,Veterinary surgeon,Reid-Wong,180000
Middlemiss,Ella,Female,65,TPM,5874,melissawest@dunn-gibson.geek.nz,Trade union research officer,"Marshall, Lawson and Jackson",225000
Pearce,Ariana,Female,79,Green,4406,fsmith@gordon.geek.nz,Set designer,Hawkins-Christiansen,35000
Arnott,Alice,Female,80,Labour,6214,paulthomas@hotmail.com,"Psychologist, counselling",Smith-Coleman,143000
Williamson,Emma,Female,97,ACT,8217,bakercaitlin@inspire.net.nz,Chief Financial Officer,Potter LLC,95000
Gardiner,Suzanne,Female,24,Labour,2535,zacharystokes@gmail.com,Accounting technician,Russell-Buchanan,222000
Forsyth,Glenda,Female,83,ACT,5381,sara25@barnes.ac.nz,Diagnostic radiographer,Mears-Matthews,216000
Griffiths,Rebecca,Female,53,NZ First,9487,victoria01@gmail.com,"Solicitor, Scotland",Smith-Wilton,151000
Alve,Laura,Female,42,ACT,2453,kelly21@gmail.com,Purchasing manager,Williams-Ward,131000
Foot,Fiona,Female,85,National,9042,richardsdion@thompson.net.nz,Government social research officer,Prentice-Jensen,210000
O'Brien,Maria,Female,94,NZ First,9441,zoe57@brown.co.nz,"Geologist, wellsite",Stokes-McIntosh,152000
Allerby,Hazel,Female,23,National,5154,toniham@yahoo.com,Economist,"Vincent, Davidson and Holland",148000
Smith,Abigail,Female,24,Labour,9263,jonespeter@yahoo.com,"Surveyor, commercial/residential",Craig Ltd,169000
Douglas,Emily,Female,30,Labour,6106,hmatthews@inspire.net.nz,Dance movement psychotherapist,Rodgers and Sons,123000
Smart,Tina,Female,65,Labour,9589,jaredboon@yahoo.com,Medical technical officer,Spencer-Burns,172000
Cooksley,Kim,Female,44,Green,5260,kim19@harrison.nz,"Therapist, art",Harris Group,221000
Boyce,Sophie,Female,83,NZ First,9802,wmckinnon@inspire.net.nz,Chartered accountant,"Holloway, Poole and Hickey",212000
Butler,Catherine,Female,56,Green,6448,warrendavid@inspire.net.nz,Nature conservation officer,MacPherson LLC,200000
Gibson,Angela,Female,67,Labour,2018,qmccallum@xtra.co.nz,"Producer, television/film/video","May, Bassett and Lucas",102000
Roberts,Angela,Female,82,Green,166,jacqueline93@spencer.kiwi.nz,Cytogeneticist,Eden and Sons,154000
Cole,Angela,Female,26,TPM,2001,lukebarrett@yahoo.com,Bonds trader,Nicholson-Adams,62000
Jones,Deborah,Female,44,NZ First,2458,thomas21@lowe.school.nz,Network engineer,"Burns, Jensen and Gledhill",104000
Greig,Alice,Female,52,ACT,5878,rthomas@satherley.kiwi,"Buyer, industrial","Harris, McMillan and Burrell",224000
Clifford,Catherine,Female,56,ACT,9581,vgrant@hotmail.com,Planning and development surveyor,Hansen-Cook,145000
Lewis,Shelley,Female,27,ACT,5866,utaylor@price.kiwi,Social worker,Woolley-Berry,185000
Hansen,Sarah,Female,34,National,2598,stoneolivia@norton.kiwi.nz,Charity fundraiser,Brown-Boon,93000
Larsen,Catherine,Female,85,TPM,9322,qdixon@xtra.co.nz,Commercial horticulturist,Fuller-Steer,126000
Cresswell,Amanda,Female,60,NZ First,9622,brendan31@knight.ac.nz,Paediatric nurse,Ireland Group,209000
Hudson,Kerry,Female,52,Green,9529,mhay@inspire.net.nz,Adult nurse,Carr PLC,34000
Cook,Nicole,Female,88,NZ First,8017,jill25@mayo.nz,Chartered loss adjuster,Hadfield-Wallace,176000
Taylor,Kate,Female,71,Labour,6241,phillip51@gmail.com,"Teacher, early years/pre","Bailey, Oliver and Gibbons",246000
Jenkins,Karen,Female,77,Labour,9596,nathanblick@gmail.com,"Journalist, broadcasting",Day and Sons,42000
Connolly,Karen,Female,26,ACT,5355,jacqueline88@hamilton-adams.kiwi,Phytotherapist,Bell-Reid,137000
Smith,Susan,Female,71,Labour,9591,joannafunnell@inspire.net.nz,Contracting civil engineer,Judd LLC,256000
Pickering,Carolyn,Female,89,National,5519,ylang@craig.geek.nz,Sports coach,"MacKenzie, Watt and Miller",127000
Thomas,Jennifer,Female,46,National,9788,benjamin82@kelly.kiwi.nz,Financial adviser,Cook-Turner,222000
Simonsen,Charlotte,Female,95,ACT,7870,cmorgan@jarvis-mckinnon.kiwi,Haematologist,Thomas Ltd,91000
Price,Michaela,Female,50,Green,8939,carmen75@gibbons.net.nz,Diagnostic radiographer,Fuller-Mason,33000
Stewart,Nicola,Female,56,NZ First,5569,hickeyjohn@flood-knight.kiwi.nz,"Conservator, museum/gallery","Jefferies, Murphy and O'Brien",41000
Orchard,Sandra,Female,43,TPM,6936,raymond54@jones.nz,Analytical chemist,Cresswell-Small,188000
Hepburn,Christine,Female,83,National,9783,sarah48@wells.school.nz,Animator,"Clarke, Hanson and Collis",151000
Morgan,Keira,Female,69,NZ First,9267,peter65@xtra.co.nz,Police officer,Watkins-Nicholas,32000
Clarke,Karen,Female,20,National,2187,teresasimmonds@yahoo.com,Paramedic,Poole LLC,231000
Smith,Amy,Female,71,Labour,9597,jackharrison@banks.co.nz,Audiological scientist,Morgan-Taylor,57000
Stevens,Lynda,Female,88,ACT,9644,lgreen@gmail.com,Solicitor,"Griffin, Williams and McEwen",167000
Mayo,Cheyenne,Female,91,NZ First,2484,andrew86@hotmail.com,Analytical chemist,"Holmes, Warner and Anderson",81000
Read,Nicola,Female,89,Green,8067,adamhenderson@stewart-allen.kiwi.nz,"Administrator, Civil Service",Waugh-Williams,135000
Mayo,Ana,Female,71,NZ First,8876,logan26@xtra.co.nz,Ergonomist,Wells Group,207000
Ham,Katie,Female,26,Labour,1342,turnerpaul@xtra.co.nz,"Editor, magazine features",Hickey PLC,229000
Burgess,Imogen,Female,66,National,5561,penelope71@inspire.net.nz,Secondary school teacher,Marshall-Harrison,64000
Paul,Victoria,Female,83,National,8298,stephen81@ellery.maori.nz,Minerals surveyor,"Smith, Reid and Wallace",202000
Parsons,Rebecca,Female,58,ACT,8555,robinstevens@yahoo.com,"Engineer, manufacturing",Rush-O'Sullivan,48000
Bryant,Sharon,Female,82,Labour,8504,amanda76@baldwin.nz,Chief Financial Officer,"Reardon, Doherty and Smith",129000
Ryan,Jane,Female,37,Labour,2561,kshort@gmail.com,Sales promotion account executive,"O'Brien, Poole and Ireland",105000
Smith,Stephanie,Female,48,Green,6093,haydennewman@taylor.co.nz,"Sound technician, broadcasting/film/video","Holland, Morris and Hook",163000
Davison,Vanessa,Female,77,ACT,8835,lorrainelloyd@drummond.kiwi,Field trials officer,Blackwell-Black,56000
Jackson,Paula,Female,42,ACT,4204,stellalamb@dobson.geek.nz,Civil Service fast streamer,"Jordan, Hansen and Jones",90000
Enright,Hannah,Female,55,ACT,9703,acampbell@inspire.net.nz,"Conservation officer, historic buildings",Hudson-Pollard,180000
McDonald,Angel,Female,21,Labour,8655,dbell@paterson.co.nz,Artist,Gordon PLC,106000
Toms,Andrea,Female,48,TPM,5861,xbrowne@stevens.maori.nz,Surgeon,"Sullivan, May and Jackson",108000
Steer,Hazel,Female,69,Green,854,turnbullpaul@freeman.org.nz,Tax adviser,Page-Fox,148000
McPherson,Kirsty,Female,44,Labour,6054,brent62@adams.ac.nz,Hydrographic surveyor,Harper Ltd,233000
Reed,Anahera,Female,90,NZ First,8206,davidturner@hotmail.com,"Investment banker, corporate","Mayo, Knight and McGill",208000
Morris,Margaret,Female,70,NZ First,6970,ajarvis@inspire.net.nz,Civil Service administrator,Carter-Gill,112000
Dillon,Tania,Female,58,Labour,9892,fsmith@gill.net.nz,Contractor,Bartlett PLC,206000
Scott,Anna,Female,47,National,6146,ccook@murdoch-ham.kiwi,"Engineer, materials",Hart-Gibb,43000
Turner,Nicola,Female,50,Green,144,hopkinsaidan@inspire.net.nz,"Therapist, music",Morris-Dillon,79000
Gill,Amelia,Female,78,ACT,9497,blakejohn@graham-steer.kiwi,Multimedia programmer,Douglas-Howell,83000
Patchett,Amber,Female,87,Green,9216,joshua61@hotmail.com,Land,"Tanner, Booth and Knight",233000
O'Donnell,Alexandra,Female,44,Labour,6496,berryjared@inspire.net.nz,Community arts worker,Peterson Group,158000
Parker,Jacqueline,Female,18,TPM,5851,qjohnston@xtra.co.nz,Risk analyst,"Watt, Roberts and Drummond",64000
Donald,Diane,Female,78,TPM,2067,michelleshand@xtra.co.nz,"Engineer, materials",Wood-Love,183000
Whittaker,Kate,Female,89,Labour,9373,clairesmith@xtra.co.nz,Therapeutic radiographer,"Dunn, Tapp and Healey",128000
Hayes,Lisa,Female,28,Labour,4227,mearsliam@inspire.net.nz,Jewellery designer,Bryant PLC,217000
Mason,Michelle,Female,37,ACT,3957,joshua63@edmonds.org.nz,"Scientist, research (life sciences)","Harris, Howell and Pedersen",96000
Griffin,Toni,Female,91,Green,5351,wcunningham@peters.org.nz,Community development worker,Kenny Inc,157000
MacDonald,Ava,Female,82,Green,2380,elijahdavies@oconnor.school.nz,"Therapist, nutritional","Price, Mudgway and Blackwell",140000
Jones,Victoria,Female,95,ACT,8534,yknowles@hotmail.com,Agricultural engineer,Bartlett Inc,80000
Thompson,Samantha,Female,78,Labour,9567,kathrynroberts@gunn-evans.kiwi.nz,Research scientist (maths),Long Ltd,133000
Richards,Joanna,Female,22,National,2322,kathrynmontgomery@gmail.com,"Conservation officer, historic buildings","Leslie, Higgins and Cragg",120000
Joe,Christine,Female,60,NZ First,8274,rebecca06@mcdonald-graham.ac.nz,Music tutor,Orchard-Day,202000
Eden,Brooklyn,Female,76,TPM,6429,jonessteven@gmail.com,"Engineer, materials",Wilkinson-Bond,194000
Herd,Mary,Female,73,National,7419,lfoote@saunders-nash.kiwi.nz,Insurance broker,"Wood, O'Donnell and Harris",53000
Waters,Leah,Female,34,Green,3864,imogenmcgill@yahoo.com,Dispensing optician,Phillips-McCallum,125000
Forsyth,Lauren,Female,45,Green,6191,hpowell@xtra.co.nz,"Designer, industrial/product","Watts, McKay and Page",121000
Steer,Naomi,Female,71,Labour,6932,meadsnatalie@davenport-williams.kiwi.nz,"Surveyor, mining",Manning Inc,252000
Williams,Phoebe,Female,67,National,8807,andrew72@adams-pearce.co.nz,"Engineer, mining",Munro-Gray,75000
Williamson,Olivia,Female,21,Green,9090,gneal@xtra.co.nz,Educational psychologist,Edwards Group,188000
Low,Sarah,Female,91,ACT,9082,xhope@price-douglas.kiwi.nz,Ergonomist,Norman-Hardy,92000
Higgins,Denise,Female,68,ACT,6940,julia65@dillon.school.nz,"Administrator, education",Carter-Cook,215000
Nicholson,Kerry,Female,64,NZ First,8172,isabella03@montgomery.nz,Leisure centre manager,Kennedy-Jeffries,92000
Holdaway,Kathryn,Female,44,Labour,8145,waynethomas@inspire.net.nz,"Lecturer, further education",Edwards Inc,179000
Thomas,Sarah,Female,86,ACT,2640,kimnelson@yahoo.com,"Engineer, manufacturing systems",Bright Inc,134000
Smith,Michelle,Female,81,ACT,2309,jessicabaker@hotmail.com,Herpetologist,"Mason, Mann and Matthews",175000
Harris,Robyn,Female,41,TPM,6424,coleydouglas@gray-eaton.geek.nz,Office manager,Hansen-Foley,122000
Warren,Colleen,Female,87,Labour,6401,conwaycharlotte@yahoo.com,"Production assistant, radio",Broughan-Green,131000
Wong,Anita,Female,54,TPM,8259,rbell@gmail.com,Retail buyer,"Johnston, Watts and Smith",180000
Munro,Paris,Female,40,NZ First,8298,alanpowell@hart-judd.maori.nz,Government social research officer,Smith-Roberts,193000
Rees,Charlotte,Female,47,Green,9242,joshuadavison@gmail.com,Emergency planning/management officer,"Nash, Day and Elliott",213000
O'Keefe,Manaia,Female,29,NZ First,9325,brettsmith@ball.maori.nz,"Journalist, newspaper",Day LLC,173000
Mortimer,Laura,Female,45,ACT,6239,wsmith@rowlands.geek.nz,Barrister,Osborne LLC,61000
Enright,Anna,Female,99,NZ First,9447,michael60@douglas.kiwi.nz,Company secretary,Hyde and Sons,90000
Freeth,Jenna,Female,80,ACT,2492,xkemp@thomas.school.nz,"Designer, ceramics/pottery",Boyce Group,174000
Vincent,April,Female,47,National,6999,susanprouse@waller.kiwi.nz,"Engineer, communications",Fulton-Chandler,132000
Webb,Tracy,Female,92,Labour,6076,richardmorgan@yahoo.com,Public relations account executive,"Turner, Fitzgerald and Clarke",79000
Thomas,Tracey,Female,33,ACT,5806,barry41@hotmail.com,Make,Bishell PLC,38000
Ham,Julie,Female,58,TPM,6069,staceyrayner@hotmail.com,"Conservation officer, nature",Russell-Boyd,60000
Green,Michelle,Female,44,ACT,6491,ddalton@perano.net.nz,Industrial buyer,Carter-Davis,95000
Stubbs,Jacqueline,Female,21,ACT,9665,scott29@inspire.net.nz,Contracting civil engineer,Lucas PLC,246000
Burton,Matilda,Female,35,Labour,4039,angela19@williamson.maori.nz,"Engineer, agricultural",Jenkins-Holdaway,55000
Maxwell,Elizabeth,Female,25,ACT,5259,taylorkathleen@inspire.net.nz,"Presenter, broadcasting","Fuller, Todd and Smith",156000
Blake,Gemma,Female,73,NZ First,6265,vmason@brown-mitchell.kiwi,Dentist,"Jones, Brown and Hamilton",73000
Cameron,Emily,Female,94,NZ First,8591,rebeccadavey@baker-robson.net.nz,"Teacher, early years/pre","Gee, Wills and Matthews",220000
Taylor,Angela,Female,48,Green,2219,huiadavis@mercer.geek.nz,Patent examiner,"Gilmore, Warner and Enright",86000
Jackson,Jessica,Female,29,NZ First,7389,daniel17@inspire.net.nz,Management consultant,Ward Group,217000
Way,Helen,Female,47,ACT,9088,laura57@saunders.geek.nz,"Horticulturist, amenity",Wall Group,80000
Turner,Hannah,Female,55,ACT,1228,christopher93@hotmail.com,Chartered management accountant,"Gledhill, Smith and Payne",168000
O'Sullivan,Frances,Female,40,TPM,6469,george32@yahoo.com,"Radiographer, therapeutic","Nash, Martin and Burnett",245000
Turner,Susan,Female,69,Labour,6064,francismichael@yahoo.com,"Scientist, marine",Holdaway PLC,87000
Dalziel,Nicola,Female,87,NZ First,2472,ecook@inspire.net.nz,Product/process development scientist,Thomas Inc,44000
Craven,Lynda,Female,40,ACT,7155,samuel51@hotmail.com,Dispensing optician,Taylor LLC,111000
Bull,Jennifer,Female,20,National,8145,margaretmckay@pedersen.geek.nz,Secretary/administrator,Grant-Smith,76000
Costello,Eva,Female,24,ACT,9330,marienewton@xtra.co.nz,Clinical embryologist,Newman LLC,94000
Enright,Chloe,Female,36,National,8492,sarahmcleod@fletcher.net.nz,Government social research officer,"Currie, Hamilton and Morrison",49000
Collis,Sarah,Female,69,National,5515,mpayne@yahoo.com,Environmental education officer,Hart PLC,242000
Buchanan,Stephanie,Female,30,ACT,9676,gskinner@yahoo.com,Location manager,"Chandler, McLachlan and Knight",212000
O'Connor,Jessica,Female,64,NZ First,1746,hbaird@xtra.co.nz,"Therapist, art",McLean Inc,146000
Cameron,Mareikura,Female,57,National,9358,gareth62@yahoo.com,Emergency planning/management officer,Thompson-Turner,256000
Jamieson,Bronwyn,Female,41,National,9888,odonnellnorman@gray-olsen.ac.nz,Technical sales engineer,Drake-Henderson,219000
Scott,Chelsea,Female,74,Green,6484,dowen@inspire.net.nz,Community education officer,"Hamilton, Kerr and Evans",111000
Jones,Rochelle,Female,58,National,5268,allanbeverley@harris.org.nz,Sports administrator,Taylor-Simmonds,128000
Powell,Sandra,Female,20,Labour,2113,louise31@gmail.com,Sports therapist,McCallum-Smith,84000
Payne,Kylie,Female,98,National,2022,vferguson@yahoo.com,"Buyer, retail",Woolley PLC,168000
Harris,Vanessa,Female,25,NZ First,8681,saraholiver@read-mcdonald.co.nz,Dietitian,Smith-Fairhall,177000
Pope,Kim,Female,40,ACT,2394,nburt@murphy.school.nz,Horticultural consultant,Maxwell Inc,151000
Bailey,Paige,Female,55,ACT,8672,lyndalittle@xtra.co.nz,Air traffic controller,Taylor and Sons,110000
Cook,Emily,Female,22,Labour,9402,loganmartin@yahoo.com,Information officer,Berry Ltd,114000
Taylor,Katherine,Female,86,ACT,133,cartergregory@inspire.net.nz,Office manager,Johnstone Ltd,249000
Flood,Shirley,Female,83,ACT,9696,trevorfield@webster-anderson.ac.nz,Minerals surveyor,Martin-Fulton,255000
Dillon,Jessie,Female,59,NZ First,9258,kwatkins@powell.school.nz,Community education officer,McNabb Inc,115000
Kennedy,Brianna,Female,75,ACT,414,anneshailer@bright.kiwi.nz,Advertising account executive,Blair-Warner,137000
Kerr,Jennifer,Female,48,Green,2552,danielwatkins@patterson.net.nz,Museum/gallery conservator,Millar Ltd,48000
Anderson,Kate,Female,80,TPM,5576,hthompson@yahoo.com,Secretary/administrator,"Boyd, Smith and Rush",215000
Baxter,Diana,Female,91,Green,1104,nconway@morris.school.nz,Sales executive,"Hickey, Cresswell and Strawbridge",119000
Marsh,Susan,Female,69,TPM,6288,murray36@norton.net.nz,"Producer, television/film/video","Bartlett, Burgess and Jensen",205000
Rush,Judith,Female,96,ACT,2118,christopher46@inspire.net.nz,Land,Phillips PLC,82000
Jones,Justine,Female,95,ACT,6467,harrisjack@allen.maori.nz,"Education officer, environmental",Matthews LLC,77000
Cook,Lisa,Female,53,Green,5347,colearlo@williamson.nz,Air cabin crew,"Foley, Gardiner and Stevens",200000
Perrin,Kathryn,Female,91,TPM,9271,gregorypotter@hudson-burgess.maori.nz,Animal technologist,Murphy LLC,51000
Davies,Jessica,Female,64,NZ First,2640,benjamin57@phillips-bright.nz,Cytogeneticist,Guthrie-Smith,230000
Davidson,Lisa,Female,31,NZ First,2000,abigail82@xtra.co.nz,Orthoptist,Taylor-Jackson,165000
Atkinson,Charlotte,Female,88,Labour,7787,paulachristie@hotmail.com,Equality and diversity officer,Davison LLC,250000
Steele,Cheyenne,Female,66,TPM,9839,hdavies@yahoo.com,Chartered certified accountant,Smith LLC,242000
Nicholas,Karen,Female,86,Labour,2262,jamesthompson@mckinnon-coutts.net.nz,Site engineer,Bush Ltd,253000
Reid,Lisa,Female,23,Green,3469,david22@wells.org.nz,"Production assistant, radio",Eglinton Group,78000
Bell,Jennifer,Female,45,NZ First,2271,craig95@hotmail.com,Physiological scientist,Pearson-Green,78000
Wall,Willow,Female,54,National,8660,kellygillespie@hotmail.com,"Development worker, international aid",Freeth-Bradley,201000
Wood,Lily,Female,49,TPM,4886,lily43@reed-kerr.geek.nz,"Teacher, secondary school",Smith Group,152000
Anderson,Julia,Female,54,Labour,5073,dpickering@gmail.com,Health promotion specialist,Fox-McManaway,42000
Turner,Rachel,Female,32,TPM,9747,joshua05@yahoo.com,Hospital pharmacist,Miller Group,39000
Griffiths,Katrina,Female,51,NZ First,5834,dalzielelizabeth@inspire.net.nz,Warden/ranger,"Cook, Day and Williams",210000
Wratt,Jacqueline,Female,59,NZ First,7835,bmccarthy@inspire.net.nz,"Accountant, chartered certified",Giles Inc,65000
Bary,Nicole,Female,67,TPM,9312,amy48@mayo.co.nz,Psychiatrist,Conway LLC,156000
McLeod,Karen,Female,64,ACT,5379,bridget16@marshall.co.nz,Advertising art director,Healy Group,152000
Southee,Christine,Female,51,National,1639,cameroneden@inspire.net.nz,Theatre manager,Burton LLC,114000
Coley,Diane,Female,27,National,8221,francisben@gmail.com,Radiation protection practitioner,Nicol-Adams,57000
Jones,Madison,Female,26,Green,8236,andersonpeter@kenny.nz,Tour manager,"Patchett, Gill and Taylor",190000
Manning,Kylie,Female,67,ACT,2333,ajones@inspire.net.nz,General practice doctor,"Orr, Buchanan and Mears",41000
Martin,Sarah,Female,98,Labour,8073,anthony87@yahoo.com,Advertising account executive,"Dean, Edmonds and Burke",248000
Bird,Lauren,Female,64,TPM,2188,kieransinclair@gmail.com,Legal secretary,Taylor-Brown,36000
Black,Ruby,Female,78,Green,8622,vforrest@buchanan.kiwi.nz,Geophysicist/field seismologist,Knight PLC,112000
Hamilton,Sharon,Female,55,National,2473,xhamilton@inspire.net.nz,Medical sales representative,Smith-Hewitt,158000
Harper,Angela,Female,52,National,5084,ocraig@trask-banks.nz,Futures trader,Pearson Inc,139000
Knowles,Jessica,Female,23,NZ First,2528,smithblake@xtra.co.nz,Chief Executive Officer,Perano-Harper,234000
Lucas,Rachel,Female,33,NZ First,6199,yday@yahoo.com,Lexicographer,Craw-Johansen,157000
Day,Cheryl,Female,33,National,6981,foxmackenzie@gmail.com,Corporate investment banker,Johansen-Lyons,154000
Murdoch,Crystal,Female,47,Green,4093,ydick@butcher-sheridan.kiwi,Systems developer,Oliver-Bryant,86000
Hope,Chloe,Female,32,Labour,2628,helenfreeman@gmail.com,Electronics engineer,Bell-Butler,248000
Adams,Grace,Female,52,TPM,5736,matthew64@wells-gray.org.nz,Chief Financial Officer,"Saunders, Williams and Harris",218000
Wilkinson,Kayla,Female,68,ACT,8279,lily54@stuart.geek.nz,"Engineer, electrical","Wong, Jones and Jensen",185000
Jones,Amelia,Female,23,Labour,6227,lucy84@yahoo.com,"Scientist, research (maths)",Edwards LLC,198000
Blake,Carolyn,Female,82,Green,7500,charlottejohnstone@yahoo.com,English as a second language teacher,"Joe, Learmonth and Hoare",163000
Steer,Kathryn,Female,40,NZ First,9731,oliveraldridge@yahoo.com,Heritage manager,"Cole, Knight and MacKay",152000
Francis,Rebecca,Female,33,ACT,2089,mikayla83@read.ac.nz,Investment analyst,"Furness, Bryant and Ford",54000
Bowden,Amaia,Female,66,Labour,5367,growland@xtra.co.nz,Medical laboratory scientific officer,"Neal, Patchett and Hope",57000
Anderson,Mary,Female,78,Green,6086,jack23@gmail.com,"Administrator, arts","McKay, Trask and Hanson",40000
Avery,Isabella,Female,43,Labour,1153,helen95@inspire.net.nz,Insurance broker,Dawick-Morgan,205000
Anderson,Alicia,Female,43,National,8513,connollyamanda@spelman.geek.nz,Colour technologist,Booth-Dillon,156000
Gibbons,Ella,Female,47,NZ First,2140,thomas24@yahoo.com,Games developer,Coleman-Aldridge,49000
Williams,Carolyn,Female,59,Labour,2177,neilsonvanessa@maxwell-davis.nz,"Accountant, chartered management","Warner, Harrison and Lucas",201000
Judd,Natasha,Female,43,ACT,5133,richard22@smith.kiwi.nz,Estate manager/land agent,"Evans, Goodwin and Cameron",182000
Tucker,Susan,Female,68,Labour,812,gibsonjack@gray.kiwi.nz,Higher education lecturer,"McIntosh, Scott and Anderson",127000
Kay,Brenda,Female,66,National,9084,daviesmichelle@olsen-cragg.geek.nz,Financial controller,Warner-Ryan,74000
Douglas,Olivia,Female,42,TPM,5813,griffithsangela@xtra.co.nz,"Buyer, retail",Powell-Martin,109000
Freeth,Teresa,Female,52,Green,2120,thompsonkeith@xtra.co.nz,Event organiser,McEwen-McNabb,45000
Hart,Rebecca,Female,95,ACT,2467,woodsnikita@hickey.maori.nz,Seismic interpreter,"Mann, Carpenter and Fowler",43000
MacDonald,Gail,Female,83,TPM,8054,lance39@xtra.co.nz,Environmental consultant,"Lancaster, Parker and Drew",114000
Richards,Hannah,Female,80,TPM,9581,philipspelman@yahoo.com,Research scientist (maths),Burns LLC,246000
Steele,Joanna,Female,88,NZ First,2331,kane55@hotmail.com,Trade mark attorney,Pope PLC,196000
Bell,Shirley,Female,75,TPM,8185,jennifer69@hotmail.com,Podiatrist,"Russell, Shailer and Butler",85000
Hanson,Hayley,Female,39,ACT,9505,hazeldavenport@davey.kiwi.nz,"Engineer, chemical",Pearce Ltd,171000
Jones,Sandra,Female,29,ACT,9266,natasha63@yahoo.com,Operational researcher,"Dillon, Eglinton and Davies",170000
Perrin,Joanne,Female,60,TPM,8532,tracy07@wilton.kiwi.nz,IT consultant,Morrison LLC,181000
Green,Barbara,Female,92,TPM,5292,mariasmith@hotmail.com,Public house manager,"Turner, Edwards and O'Keefe",119000
Tucker,Michelle,Female,27,NZ First,9817,sophie92@xtra.co.nz,"Engineer, manufacturing systems",Barrett-Little,37000
Francis,Olivia,Female,74,Labour,6489,bradley30@xtra.co.nz,Information systems manager,"Baird, Bird and Harrison",217000
Williams,Katherine,Female,35,Green,7106,philip12@woolley.kiwi,Bookseller,McKay-Price,130000
Ellery,Joanne,Female,99,NZ First,8864,matthewmartin@xtra.co.nz,"Designer, jewellery","O'Keefe, Patchett and MacDonald",166000
Jensen,Isabella,Female,96,Green,9338,mackenzielucas@williams.co.nz,"Designer, furniture","Newman, Hughes and Stevens",121000
Harris,Charlotte,Female,54,National,2180,david42@rose-spencer.maori.nz,Firefighter,Francis-Powell,109000
Hansen,Colleen,Female,50,TPM,6195,webbnathan@yahoo.com,Civil Service administrator,Sowman-Nicol,92000
Stone,Rachel,Female,72,TPM,9571,fiona18@skinner-harris.co.nz,"Psychologist, prison and probation services",Harrison Ltd,195000
Hansen,Fiona,Female,34,National,8460,phillip88@browne-richards.kiwi.nz,"Surveyor, building",Thomas LLC,121000
Small,Adrienne,Female,93,Labour,9705,gphillips@yahoo.com,Textile designer,Brown Group,36000
Williams,Paris,Female,39,ACT,8120,benpollard@yahoo.com,Food technologist,Elliott-Bowden,124000
Jones,Joanne,Female,21,NZ First,2693,samuelorr@yahoo.com,Freight forwarder,Wood-Boyce,182000
Warren,Rebecca,Female,48,ACT,6126,stephaniegardiner@gmail.com,Ergonomist,Wallace-Williamson,36000
Scott,Raymond,Male,96,ACT,2451,jonestimothy@wallace.geek.nz,Market researcher,Andrew-Wheeler,192000
Rasmussen,Christopher,Male,89,TPM,9375,patonaaron@dawson-smith.co.nz,Commissioning editor,Smith-Page,222000
Fulton,Robert,Male,46,Labour,7931,hudsongillian@xtra.co.nz,"Programmer, applications",Bell LLC,182000
Hopkins,Ian,Male,77,National,8677,hudsonshane@dawson-brown.kiwi,Sports administrator,Casey PLC,218000
Harris,Brian,Male,74,ACT,9726,lisaharrison@xtra.co.nz,"Engineer, aeronautical","Gardiner, Shaw and Cragg",192000
Muir,David,Male,82,National,5898,adamsscott@oleary.co.nz,Insurance underwriter,Turner Group,77000
Williams,William,Male,99,National,8146,richardlong@inspire.net.nz,"Sound technician, broadcasting/film/video","Green, Love and Holdaway",90000
MacKenzie,Stuart,Male,46,Green,4451,hsmith@rogers.nz,"Engineer, electrical","Harper, Waters and Gibbons",237000
Waters,Mark,Male,33,Green,2538,jroberts@hotmail.com,Industrial buyer,Edwards Inc,77000
MacDonald,Barry,Male,84,Green,5223,mcisaacjoanne@morrison.org.nz,Agricultural engineer,Powell-Smith,77000
Blair,Ryan,Male,80,ACT,4217,peyton83@inspire.net.nz,Barista,Bowater-Griffiths,213000
Middleton,Andrew,Male,41,ACT,6264,brucegunn@hepburn.net.nz,"Engineer, communications",Davidson Inc,220000
Ward,Samuel,Male,85,Labour,8997,scott00@yahoo.com,Control and instrumentation engineer,Bell-Horn,75000
Middlemiss,Dean,Male,43,TPM,8592,herdshelley@gmail.com,"Psychologist, counselling","Edwards, Jamieson and Guy",144000
Bird,Benjamin,Male,98,TPM,7290,bodonnell@pearson.org.nz,Office manager,McMahon and Sons,128000
Prouse,Richard,Male,26,Green,8587,kayrobert@thompson.net.nz,Medical laboratory scientific officer,Sowman-Costello,196000
Fitzgerald,Thomas,Male,89,ACT,5764,vfrancis@xtra.co.nz,"Clinical scientist, histocompatibility and immunogenetics",Jones LLC,49000
Richards,Matthew,Male,69,TPM,9792,jtoms@inspire.net.nz,Pensions consultant,Davis-Williams,173000
Tapp,Hoani,Male,48,Green,5888,iosborne@foot.net.nz,Holiday representative,McManaway Ltd,43000
Oliver,Benjamin,Male,81,NZ First,2090,patrickbarnes@inspire.net.nz,Patent attorney,"Hardy, Page and Irving",116000
Kerr,Shaun,Male,65,ACT,4406,jphillips@inspire.net.nz,Geoscientist,Smith-Woods,46000
Wood,Cody,Male,56,NZ First,2611,koracarr@taylor.kiwi,Accommodation manager,Roberts and Sons,83000
Coleman,John,Male,51,Green,6133,nathan43@boon.school.nz,Volunteer coordinator,Murphy LLC,234000
Elliott,Steven,Male,99,ACT,9453,canderson@hotmail.com,"Horticulturist, commercial",Reid-Pritchard,127000
Sheridan,Louis,Male,47,ACT,9369,leanne05@thompson.school.nz,Furniture designer,Ellery-Carr,221000
Greer,Nicholas,Male,59,TPM,5275,williamgray@hotmail.com,Web designer,"Lowe, Knight and Bush",108000
Hubbard,Oliver,Male,96,Green,5506,gilchristcarolyn@inspire.net.nz,"Scientist, research (medical)",Nash-Wood,245000
Fleming,Jayden,Male,65,Green,8625,tessa76@healy.geek.nz,Illustrator,Brown-Bowater,53000
Fulton,Craig,Male,44,TPM,6442,bellalistair@xtra.co.nz,Garment/textile technologist,Hansen-Henry,208000
Larsen,Paul,Male,36,Green,5097,harrison04@hotmail.com,Diagnostic radiographer,Chandler-O'Brien,75000
Allen,Sebastian,Male,18,ACT,6999,william44@taylor.kiwi.nz,Customer service manager,O'Connor LLC,109000
Russell,Ian,Male,60,ACT,2452,lhayes@hotmail.com,"Radiographer, diagnostic",O'Brien Group,136000
Boniface,Samuel,Male,55,ACT,5842,coxsandra@read-christiansen.co.nz,Purchasing manager,Burton-Read,217000
Sinclair,Caleb,Male,95,NZ First,2598,bgullery@seymour.geek.nz,Press photographer,Mears Ltd,217000
Stevens,Timothy,Male,29,ACT,8487,justin99@yahoo.com,Insurance broker,"Mortimer, Jellyman and Evans",165000
Williams,Damian,Male,50,National,5876,ijeffries@low.kiwi.nz,Paediatric nurse,George and Sons,55000
Bell,Luke,Male,64,TPM,7836,pagealexander@hotmail.com,Counselling psychologist,"Dawick, Simpson and Jones",195000
Mercer,Sean,Male,50,NZ First,2203,aimeestewart@hotmail.com,"Programmer, systems",Campbell-Brown,250000
Turner,Andrew,Male,54,TPM,5714,dianemercer@yahoo.com,Teaching laboratory technician,"Allen, Roberts and Drake",186000
Thomas,Nicholas,Male,96,Green,9749,mark02@gmail.com,"Accountant, chartered",Davies-Matthews,128000
Boyce,Oliver,Male,95,TPM,2431,shanewilliams@yahoo.com,"Journalist, broadcasting",George Ltd,143000
Roberts,Corey,Male,44,ACT,5126,davidsonpauline@inspire.net.nz,Magazine journalist,Davies-Smith,165000
Green,Beau,Male,84,Labour,2252,dylan03@xtra.co.nz,Furniture designer,"Allen, West and Pearson",57000
Bruce,James,Male,40,NZ First,6298,aimee57@fox.org.nz,Set designer,Lancaster Ltd,100000
Larsen,Nicholas,Male,94,ACT,5335,brookehart@hotmail.com,Geochemist,"Davey, Knight and Barr",48000
Russell,Aaron,Male,41,TPM,8185,robertlandon-lane@xtra.co.nz,Furniture conservator/restorer,Tucker PLC,156000
Kelly,Joshua,Male,68,NZ First,5582,caroline01@turner-rush.geek.nz,Broadcast journalist,Davis Ltd,258000
Rowe,David,Male,19,National,5880,paynethomas@blake.geek.nz,Records manager,"Rowe, Gore and Freeman",88000
Hawkins,Steven,Male,53,NZ First,5815,benjamin24@wood-stace.net.nz,Public librarian,"Cox, Bryant and Roberts",185000
Allen,Paul,Male,50,TPM,287,cfield@dickson.org.nz,Architectural technologist,Green and Sons,246000
Mudgway,Luke,Male,72,Green,2285,cewart@gmail.com,Dramatherapist,Campbell-Bradley,40000
Nash,Timothy,Male,29,National,8234,laurensonbruce@murphy.school.nz,Hospital pharmacist,Barnes Ltd,164000
Harrison,Glenn,Male,81,NZ First,5782,joshuawaugh@yahoo.com,Counsellor,McPherson Inc,64000
Dean,Joseph,Male,47,Green,2056,leviward@inspire.net.nz,Forensic scientist,"Barnes, Smith and Dyer",200000
Parker,Thomas,Male,94,TPM,5771,nathangreen@jackson-gaskin.kiwi,"Scientist, clinical (histocompatibility and immunogenetics)",Holland-Long,105000
Smith,Troy,Male,66,Green,9627,danielway@simpson.geek.nz,"Chemist, analytical",Burton-Pearson,211000
Prentice,Michael,Male,66,National,8175,fjudd@hotmail.com,Market researcher,Rush-Wallace,54000
Howell,Robert,Male,42,TPM,9637,bakerchelsea@xtra.co.nz,Risk analyst,Henderson-Stewart,228000
Jefferies,John,Male,22,ACT,9029,amy42@bush-smith.school.nz,Secretary/administrator,"Marshall, Campbell and Wallace",205000
Green,Jack,Male,71,NZ First,8002,wbush@kerr-taylor.net.nz,Illustrator,Russell-Adams,247000
Wood,John,Male,26,Green,4349,matthewtaylor@powell-wallace.net.nz,Dance movement psychotherapist,"O'Brien, McMillan and Thomas",189000
Foote,Brendan,Male,84,Green,5708,ioliver@yahoo.com,Software engineer,"Stone, Hudson and Alexander",55000
McDonald,Matthew,Male,49,NZ First,9656,jacquelineholmes@gmail.com,Medical sales representative,Marsh PLC,119000
Campbell,Paul,Male,20,Labour,2001,hclaridge@anderson-ward.ac.nz,Petroleum engineer,Francis Inc,129000
Roberts,David,Male,61,Labour,5356,sebastian18@joe.geek.nz,Sports therapist,"Brown, Shand and Boyd",204000
Thomas,Brendon,Male,76,Labour,4300,chloe98@little.nz,Toxicologist,Field-Freeth,207000
Vincent,Anthony,Male,66,Green,2606,julie04@gore.net.nz,Tourist information centre manager,"Stubbs, Hills and Hughes",126000
Burke,David,Male,48,National,6905,suzanneallan@williams.co.nz,Event organiser,"Phillips, Schwass and Bishell",36000
Hayes,Paul,Male,61,NZ First,9275,thomasmorrison@payne-jenkins.geek.nz,Textile designer,Horton LLC,37000
Lambert,Hamish,Male,80,National,7124,michael21@thompson.geek.nz,Medical technical officer,Day-Craw,225000
Thompson,Ezra,Male,83,Labour,8169,tane99@thomas.org.nz,Games developer,Bird Inc,211000
Enright,Isaac,Male,26,NZ First,8922,jasmine32@fowler-matthews.co.nz,Investment analyst,"Irving, Robson and Linton",127000
Christie,Callum,Male,37,TPM,2548,sophiepatchett@inspire.net.nz,Community pharmacist,Lawson Group,46000
Newton,Richard,Male,49,National,8832,browndavid@xtra.co.nz,Medical technical officer,Harris-Montgomery,36000
Jamieson,Luke,Male,70,ACT,8263,williamstony@thomas.school.nz,"Runner, broadcasting/film/video","Blake, Mann and Johnston",190000
Webb,Robert,Male,66,Labour,1182,dean58@yahoo.com,Radiation protection practitioner,"Webster, Crawford and Conway",242000
Black,Thomas,Male,76,NZ First,6113,owenshelley@gilmore-simmonds.school.nz,"Production assistant, television",Sheridan LLC,128000
Rush,Bruce,Male,23,NZ First,9227,forbesrichard@paterson.net.nz,"Scientist, forensic","Jenkins, Russell and Mears",89000
Bishell,Arthur,Male,70,ACT,9305,emmawilliams@yahoo.com,Social worker,Learmonth-Ching,96000
Gibbons,Adam,Male,65,NZ First,8807,debrabarnett@fisher-shaw.org.nz,Public house manager,McKenna PLC,204000
O'Leary,Richard,Male,57,National,8230,qsmith@hotmail.com,Insurance claims handler,"McIntosh, Moran and Bryant",259000
Priest,Michael,Male,38,ACT,5834,robertsnicola@pritchard.school.nz,Higher education careers adviser,Boyce Group,151000
Jones,Thomas,Male,93,Labour,9075,carteralexander@douglas.net.nz,"Scientist, research (life sciences)",Smith-MacDonald,184000
Gibson,William,Male,82,Green,8936,lsixtus@inspire.net.nz,Public relations officer,Bailey-MacDonald,166000
Smith,Matthew,Male,93,NZ First,5313,tfoot@hotmail.com,Forensic psychologist,"Shaw, Holmes and McLeod",201000
Ball,Christopher,Male,64,Labour,9729,umcleod@gray.kiwi,Chartered certified accountant,"Taylor, Carter and Bishell",204000
Harris,Callum,Male,61,NZ First,9697,hknowles@healy.maori.nz,Hospital doctor,West-McKinnon,63000
Douglas,David,Male,90,NZ First,4600,wmay@xtra.co.nz,Financial risk analyst,Brown and Sons,107000
Carr,John,Male,66,Green,2264,alanacole@gmail.com,"Engineer, maintenance (IT)",Horton PLC,34000
Holmes,Christopher,Male,23,National,2342,jessica20@hotmail.com,Graphic designer,Small Group,157000
Campbell,Hamish,Male,84,TPM,9285,hannah00@shepherd-allan.ac.nz,Community development worker,"Burgess, Marfell and Kemp",122000
Harper,Michael,Male,45,TPM,5128,zchristie@xtra.co.nz,Biomedical engineer,"Lancaster, Gray and McGrath",94000
Alve,Rhys,Male,34,NZ First,5089,hollowaylynette@murphy.co.nz,Historic buildings inspector/conservation officer,Tait-Lammas,167000
Reeves,Michael,Male,36,National,9367,ellasmith@cresswell.school.nz,Race relations officer,Meredith-Fisher,54000
Allen,Stephen,Male,20,National,8836,aaronsimpson@waghorn.kiwi.nz,Radio broadcast assistant,Stace-McCallum,235000
Thomas,Jeremy,Male,72,NZ First,6402,meadsjames@allan.ac.nz,Senior tax professional/tax inspector,"Rush, Davis and Nicholson",235000
Jordan,Peter,Male,20,Green,5735,eden33@dobson.org.nz,Actuary,Dawson Inc,89000
Donaldson,Kenneth,Male,86,ACT,5822,lucassmith@gmail.com,Social worker,Shannon-Campbell,39000
Phillips,Andrew,Male,51,Green,2381,granttaylor@johnston-webb.net.nz,Tax inspector,Gray and Sons,45000
Johnston,Zane,Male,87,NZ First,8169,nicola99@inspire.net.nz,Firefighter,Sowman Group,160000
Rodgers,Allan,Male,69,TPM,6906,jason36@inspire.net.nz,Licensed conveyancer,"Zimmerman, Higgins and Barrett",248000
McMahon,Stephen,Male,27,Labour,2297,sstreet@harris-mcpherson.ac.nz,Health service manager,Higgins PLC,151000
Fox,Kieran,Male,63,Labour,756,michael95@gilchrist-gore.ac.nz,Microbiologist,Collis PLC,68000
Kelly,Liam,Male,82,National,9526,jonesmark@may-aldridge.geek.nz,Chartered certified accountant,Morrison Inc,60000
Hogg,George,Male,90,NZ First,9204,andrew60@gmail.com,Electronics engineer,"O'Brien, Hughes and Hyde",151000
Barker,Mathew,Male,99,Green,5503,alexanderson@xtra.co.nz,Landscape architect,Pritchard-O'Sullivan,133000
Fisher,Nicholas,Male,20,Labour,8289,greernicola@gmail.com,Insurance account manager,Little Ltd,145000
Brown,Gareth,Male,45,National,1817,dylan48@yahoo.com,Careers information officer,Simonsen PLC,107000
Nicholson,Callum,Male,50,TPM,5283,lukeorchard@xtra.co.nz,"Geologist, wellsite","Boyce, Murphy and Berry",99000
Campbell,Paul,Male,39,NZ First,6495,nikora88@gaskin.geek.nz,Building surveyor,"Gray, Allerby and Doherty",92000
Hamilton,Henry,Male,79,NZ First,6235,stevenskerry@yahoo.com,"Designer, television/film set",Blick-Newton,54000
Graham,Stephen,Male,89,Green,9011,costellocarol@harrison.co.nz,Location manager,"Ching, Parkes and Patchett",110000
Turner,Patrick,Male,62,National,8504,robbte-ariki@xtra.co.nz,Sports administrator,Chapman and Sons,115000
Jones,Stephen,Male,41,ACT,5758,sophiebishop@neal-smith.net.nz,"Engineer, manufacturing",Neilson-Harris,209000
Shand,Michael,Male,40,ACT,9736,caleb23@jones.nz,Textile designer,Stewart Group,124000
Paton,Oscar,Male,59,NZ First,6401,john88@mcintosh-rush.school.nz,Patent examiner,Oliver-Johansen,73000
Spencer,Logan,Male,83,Green,3258,tina11@gmail.com,Meteorologist,Healy Group,74000
Ingram,Tyler,Male,64,National,5085,humephillip@yahoo.com,Equities trader,Jones-Faulkner,213000
Whyte,Michael,Male,52,Labour,3630,gwoods@barrett.org.nz,Social researcher,Mitchell Inc,126000
Moore,Glen,Male,85,ACT,5240,dhope@hotmail.com,Manufacturing engineer,Murphy Group,158000
Powell,Jason,Male,35,TPM,2571,elizabeth42@gmail.com,"Psychologist, clinical","Orr, Greer and Atkinson",112000
Christie,Christopher,Male,82,ACT,8501,hardywilliam@hotmail.com,Arts development officer,Stevens LLC,241000
Baldwin,Brett,Male,98,NZ First,8862,karenblack@gmail.com,Tourist information centre manager,Berry-Steer,252000
Gilbert,Timothy,Male,21,ACT,2603,robertoconnor@xtra.co.nz,Fish farm manager,"Martin, Day and Hamilton",108000
Barnes,Matthew,Male,97,TPM,4238,zhorton@yahoo.com,"Optician, dispensing",Lewis LLC,181000
Lowe,Scott,Male,86,ACT,9395,rebecca12@xtra.co.nz,Armed forces training and education officer,"Dawick, Hart and Fitzgerald",79000
Osborne,Jesse,Male,70,NZ First,2564,wmatthews@gmail.com,Pensions consultant,Dawick-Taylor,173000
Pratt,Robin,Male,86,Labour,5752,gstace@hotmail.com,Investment analyst,Roberts Ltd,246000
Richards,Timothy,Male,63,Green,8651,xbest@mckinnon-mcnabb.school.nz,Barista,Pickering LLC,50000
Smith,Jason,Male,75,ACT,8484,sarah79@gore.ac.nz,Medical sales representative,"Henderson, Gill and McNabb",74000
Wallace,Douglas,Male,33,Green,5369,steven68@jones.school.nz,"Investment banker, corporate",Neal Ltd,144000
Allan,Glen,Male,81,NZ First,9588,portermary@kennedy.ac.nz,Chartered certified accountant,Pritchard-Lee,38000
Jefferies,Craig,Male,32,NZ First,5525,yclaridge@gmail.com,"Engineer, broadcasting (operations)","Miller, Simmons and Buchanan",159000
Costello,Michael,Male,97,ACT,6126,tanyafield@fowler.kiwi,Facilities manager,Russell LLC,171000
Gray,Bruce,Male,59,ACT,9622,trowland@adams-humphrey.ac.nz,Patent attorney,Walton LLC,190000
Meredith,Andrew,Male,60,Labour,8221,geoffrey50@inspire.net.nz,Personnel officer,"Pickering, Prentice and Henderson",250000
McCallum,Mark,Male,53,National,1079,alandavidson@gmail.com,"Chemist, analytical",Johnston-Funnell,178000
Gore,Luke,Male,34,ACT,8875,michael29@taylor.kiwi.nz,Higher education lecturer,Jackson Ltd,83000
Williams,Tony,Male,47,TPM,7555,grantteresa@inspire.net.nz,Industrial buyer,"Forbes, Perry and O'Sullivan",33000
Scott,Charlie,Male,49,Labour,1456,pmcewen@gmail.com,Amenity horticulturist,Nolan LLC,176000
Patchett,Mark,Male,83,National,8237,robertsmith@jamieson.org.nz,Training and development officer,Judd-Street,100000
Conway,Hayden,Male,38,Labour,5190,nicholastaylor@oconnor.co.nz,Press sub,"Cole, Hughes and Carter",103000
Larsen,John,Male,84,TPM,5143,douglasjennifer@campbell.org.nz,"Engineer, manufacturing",O'Sullivan PLC,223000
Barnes,Ian,Male,46,TPM,8611,stratfordkayla@christie.kiwi.nz,Textile designer,Cox Group,46000
Lamb,Shane,Male,60,Labour,9465,rosemary92@xtra.co.nz,Toxicologist,Donald-Thomas,57000
Moran,Dean,Male,52,NZ First,9595,nicholas30@hotmail.com,"Programmer, applications",Day LLC,125000
Chandler,Damon,Male,58,ACT,8002,martin03@cole-small.geek.nz,Equities trader,"Taylor, Cameron and Williams",160000
Anderson,William,Male,76,Green,2062,matthewmorgan@inspire.net.nz,Theatre director,"Jensen, Gilbert and Lane",141000
McLeod,Henry,Male,35,NZ First,2451,ytaylor@buick.nz,"Engineer, civil (contracting)",Wallis LLC,88000
Johnstone,Archer,Male,38,ACT,5031,rachelstratford@hotmail.com,"Accountant, chartered management",Griffiths Inc,101000
McGregor,Arlo,Male,32,National,5310,mdixon@blackwell-harris.kiwi,Technical sales engineer,"Costello, Fletcher and Williams",96000
Thompson,Lucas,Male,90,NZ First,8890,connollyhelen@clunies-ross.net.nz,"Engineer, manufacturing",Lang-MacKay,246000
Davey,Jeremy,Male,32,National,9878,clunies-rossfiona@yahoo.com,"Psychologist, clinical","Davidson, Horton and Burnett",155000
Baxter,Leo,Male,34,Labour,8877,morrisonchristine@gray.geek.nz,Trade union research officer,Parsons and Sons,72000
Wong,David,Male,55,Green,9674,logan61@gmail.com,Insurance risk surveyor,"Smith, Anderson and Phillips",227000
Martin,Max,Male,98,Labour,8902,liambrown@mcgrath.school.nz,Tour manager,"Knight, Skinner and Griffin",118000
Holland,Lincoln,Male,82,National,9381,johnmitchell@gmail.com,"Therapist, art",Porter-McIntyre,40000
Lammas,Flynn,Male,68,NZ First,9534,stephen25@inspire.net.nz,Special educational needs teacher,"Elliott, Higgins and Monk",247000
Eaton,Scott,Male,43,Labour,1061,luciahyde@turner.co.nz,Technical author,George-Stewart,121000
Forbes,Jason,Male,64,National,9738,henrycameron@healy-thompson.school.nz,"Psychologist, forensic",Roberts PLC,167000
Lloyd,Paul,Male,35,TPM,1317,adam17@inspire.net.nz,Civil Service administrator,Rodgers Inc,37000
Kelly,John,Male,46,NZ First,3074,foconnor@inspire.net.nz,Public librarian,"Morrison, Dawson and Manning",141000
Butcher,Noel,Male,89,Green,6187,currienicola@gmail.com,Games developer,"Miller, Smith and Page",178000
Gaskin,Jack,Male,34,Labour,5846,waimarie40@yahoo.com,Education administrator,Skinner-Poole,250000
Lee,Jordan,Male,43,Green,5832,mcleodella@hepburn-moore.geek.nz,Environmental education officer,"Russell, Scott and Moore",177000
Burns,Ethan,Male,46,National,2396,christopher60@bruce.ac.nz,Publishing rights manager,Anderson-Webb,67000
Clarke,Zachary,Male,83,ACT,5794,kirstencoleman@gmail.com,"Surveyor, building",Orr Group,238000
Gullery,Joseph,Male,96,NZ First,2317,juddscott@boniface.kiwi,Outdoor activities/education manager,Mayo and Sons,198000
Hart,Aaron,Male,26,ACT,9400,browncarolyn@parker.nz,Firefighter,Baker-Harris,224000
Munro,David,Male,88,National,5386,leanne28@cox.maori.nz,"Therapist, nutritional",Stevens-Parker,118000
Hayes,Mark,Male,69,Green,2135,fieldbarry@donald-beattie.co.nz,"Teacher, adult education",Greig Inc,127000
Hooper,Michael,Male,46,Labour,2088,williamsaaliyah@gmail.com,Production manager,Saunders and Sons,127000
Jones,Tony,Male,75,ACT,2504,cooksean@mcdowall.net.nz,Ophthalmologist,MacKenzie-Potter,145000
Kendall,Ryan,Male,76,Labour,9528,gdawick@jordan.nz,Furniture conservator/restorer,Hansen-Saunders,40000
Cook,Ryan,Male,36,Labour,6939,bevan05@caldwell.geek.nz,Quarry manager,"Whyte, McCallum and Webb",229000
Fisher,David,Male,45,ACT,6142,asmith@yahoo.com,"Administrator, sports","Williamson, Taylor and Martin",220000
Anderson,Jayden,Male,89,ACT,9032,cartereden@moore-freeth.net.nz,Acupuncturist,Jones-Jeffries,49000
Scott,Nicholas,Male,30,Green,2655,oway@yahoo.com,Historic buildings inspector/conservation officer,"MacDonald, Gillespie and Reader",201000
Carson,Brayden,Male,97,National,3890,alexis88@yahoo.com,Horticultural therapist,Mitchell LLC,192000
Warner,Brent,Male,42,Labour,5777,christopherharris@yahoo.com,Manufacturing systems engineer,"Pedersen, Green and Collis",127000
Wells,Brendan,Male,45,Labour,5068,daltonrichard@hotmail.com,Sports development officer,Carter-Rees,151000
Perry,Dean,Male,58,NZ First,2428,polsen@gmail.com,Occupational hygienist,Baxter-Campbell,216000
Moran,David,Male,63,TPM,2119,rebecca89@francis.school.nz,Public house manager,Prentice Group,231000
Lloyd,Levi,Male,93,ACT,6173,amy58@hotmail.com,Television/film/video producer,Knight-Jensen,53000
Smith,Raymond,Male,94,Labour,5861,fjackson@inspire.net.nz,Chiropractor,"Osborne, Laurenson and Simpson",84000
Walton,Richard,Male,60,NZ First,8411,neil68@patchett.kiwi.nz,Intelligence analyst,Perano PLC,37000
Laing,Shane,Male,45,TPM,5844,johnbary@inspire.net.nz,Warden/ranger,Fox LLC,116000
Smith,Joshua,Male,89,TPM,6198,jemma02@lewis.co.nz,Counselling psychologist,Jenkins-Greer,45000
Peterson,Finn,Male,23,ACT,8886,wallaceglen@warner.org.nz,Lexicographer,Christie LLC,201000
Adams,Christopher,Male,70,National,8946,aspencer@yahoo.com,"Psychotherapist, dance movement",Pratt LLC,203000
Wilton,Marcus,Male,61,ACT,5072,amymcgregor@yahoo.com,"Designer, jewellery",Clarke Inc,74000
Edwards,Stuart,Male,38,National,8239,gibbonsscott@xtra.co.nz,Mining engineer,"Davidson, Edmonds and Hayward",175000
Forrest,Anaru,Male,90,Labour,8074,smartin@carter-joe.maori.nz,"Editor, magazine features","Richards, Watkins and Donaldson",149000
Anderson,Paul,Male,67,National,8283,trevorbutcher@gill.school.nz,Chief Strategy Officer,Law-Buchanan,42000
Lee,Brian,Male,25,ACT,8458,stephenmacdonald@yahoo.com,Art gallery manager,Pope-Nielsen,119000
North,Glen,Male,89,TPM,8697,erin39@roberts-mckay.org.nz,Lobbyist,Laing LLC,249000
Larsen,Hamish,Male,56,TPM,1768,bondtracy@yahoo.com,Mechanical engineer,"Neal, Brooks and Montgomery",169000
Williamson,Jonathan,Male,77,Green,5353,gilmorematthew@yahoo.com,"Runner, broadcasting/film/video","Rutherford, Manson and Jamieson",248000
Kennedy,Joel,Male,83,TPM,5164,allan31@taylor.nz,Manufacturing engineer,Barnes-Reid,250000
Buick,Martin,Male,74,Green,6094,campbellbrent@yahoo.com,Toxicologist,"Olsen, Hansen and Kennedy",256000
Crawford,Jordan,Male,68,NZ First,4736,angelaforsyth@ward-wilkinson.org.nz,Architect,"Barrett, Mortimer and Page",224000
Rowe,Caleb,Male,35,TPM,6959,mayrobert@mitchell-patterson.net.nz,Insurance risk surveyor,"Sullivan, Humphrey and Norman",40000
Blick,Shane,Male,85,National,2513,wiltonphilip@yahoo.com,Warehouse manager,Dunn-Gray,200000
Mitchell,Garry,Male,98,Green,8926,griffithstimothy@inspire.net.nz,Artist,Carter-Webb,227000
Soper,Colin,Male,85,NZ First,1733,awarner@pearson.net.nz,Midwife,"Simmons, Turner and Williams",112000
Browne,Kerry,Male,80,NZ First,9252,barrylaw@hotmail.com,Secretary/administrator,Vercoe PLC,212000
Barr,Braxton,Male,86,ACT,4320,connor62@hamilton.kiwi.nz,Graphic designer,Williamson Ltd,211000
Browne,Joshua,Male,22,NZ First,4978,rex52@ball-matthews.co.nz,Housing manager/officer,Sowman Ltd,210000
Linton,Tama,Male,22,Labour,2558,pmcfarlane@gmail.com,Purchasing manager,Stewart Ltd,105000
Walton,Philip,Male,66,NZ First,5247,stuartmichael@hotmail.com,Tax adviser,Leslie-Stone,251000
Horton,William,Male,79,Green,8689,knightbrendon@stokes-roberts.maori.nz,"Engineer, manufacturing systems","Wilton, Donald and Peters",37000
Oliver,Warren,Male,93,National,9084,craig49@xtra.co.nz,"Scientist, research (physical sciences)",Gilbert Ltd,190000
Nash,Gavin,Male,81,TPM,6094,brianna38@yahoo.com,Consulting civil engineer,Martin-MacKenzie,135000
Casey,James,Male,73,Labour,2434,dcarter@stratford-paton.net.nz,Analytical chemist,Thomas Ltd,237000
Judd,Christopher,Male,71,TPM,8560,stephenmonk@xtra.co.nz,Product designer,Currie PLC,254000
Allerby,Jack,Male,86,ACT,9698,jacqueline14@hotmail.com,"Psychologist, occupational",Mason-Baldwin,88000
Donaldson,Michael,Male,94,TPM,2262,paul80@gmail.com,Information systems manager,"Scott, Giles and Brown",132000
Lee,Adam,Male,82,Labour,8150,mary41@gmail.com,"Therapist, nutritional","Roberts, Davey and Fletcher",143000
Stevenson,Jaxon,Male,89,National,6421,emily67@rogers.org.nz,Licensed conveyancer,"Paterson, Osborne and Barr",103000
Brown,Stephen,Male,88,NZ First,6450,oguard@yahoo.com,Barrister's clerk,McGrath-Simpson,126000
Bond,Matthew,Male,67,TPM,3864,rsmith@gmail.com,Bookseller,Sinclair Inc,183000
Hansen,Michael,Male,44,ACT,5242,joetiana@yahoo.com,Chief Operating Officer,MacKenzie LLC,202000
Fuller,Michael,Male,20,National,9739,simoncraig@davidson.ac.nz,"Production designer, theatre/television/film","Olsen, Scott and Smith",256000
Nicol,Alexander,Male,18,NZ First,6211,david25@yahoo.com,Warden/ranger,Burgess LLC,239000
Ford,Timothy,Male,59,ACT,5297,thomas70@morris.school.nz,Neurosurgeon,Russell LLC,66000
Gordon,Mark,Male,60,NZ First,2065,clarsen@hotmail.com,Amenity horticulturist,"Simpson, Cook and Fowler",111000
Saunders,Wyatt,Male,70,Labour,6073,millerdiane@hotmail.com,"Therapist, music",Kerr LLC,146000
Dawick,Richard,Male,90,Green,8667,thomas46@xtra.co.nz,Set designer,Collis-Wall,196000
Read,James,Male,79,Green,8299,michaelbrown@mcleod.org.nz,"Copywriter, advertising","Scott, Donald and Smith",241000
Burrell,Mark,Male,65,National,8439,dylangibson@gmail.com,Osteopath,Cole-Smith,104000
Simpson,Mason,Male,41,Labour,5132,jillian63@mcisaac.geek.nz,Trade mark attorney,Haines-Drake,256000
Stewart,Joseph,Male,36,NZ First,5363,bishopwendy@inspire.net.nz,"Therapist, nutritional","Evans, Simpson and Bailey",192000
Hawkins,David,Male,82,NZ First,8169,dpage@yahoo.com,Sports therapist,Parker PLC,252000
Clarke,Lee,Male,44,NZ First,5279,wendy39@gmail.com,Rural practice surveyor,"Wells, Bryant and McDonald",257000
Jones,Hunter,Male,98,National,5051,nanderson@williams.geek.nz,Sub,Drake Inc,86000
Matheson,Sean,Male,33,National,7510,aitkenrobert@harris.nz,Special effects artist,"Smart, Wills and Bush",179000
North,Andrew,Male,76,ACT,2697,lucasrichards@xtra.co.nz,"Geologist, engineering",Flood Inc,46000
Healy,Luke,Male,87,National,2201,frankieknowles@martin.kiwi,Therapeutic radiographer,"Small, Baldick and Francis",170000
Scott,William,Male,61,National,9808,tyson61@scott-manson.org.nz,Energy engineer,Barnes PLC,141000
O'Neill,Robert,Male,68,TPM,4175,psmith@yahoo.com,Firefighter,Lyons-Soper,150000
Mitchell,Adam,Male,42,ACT,7660,drummondzoe@xtra.co.nz,"Civil engineer, consulting","Procter, Waller and Marshall",161000
Hansen,Daniel,Male,52,Green,8683,wsatherley@gardiner-kelly.kiwi.nz,Acupuncturist,Robb-Kerr,100000
Jones,David,Male,64,Labour,1301,blackwelldonald@yahoo.com,"Designer, fashion/clothing","Jackson, Ching and Murphy",240000
Rodgers,Bailey,Male,72,TPM,9489,dylanmitchell@hotmail.com,Environmental consultant,Bush Ltd,189000
West,Jamie,Male,78,National,5256,jared19@xtra.co.nz,Network engineer,"Burr, Gordon and Kirk",184000
Anderson,Anthony,Male,52,Green,8227,bradleypeter@yahoo.com,Plant breeder/geneticist,"Drummond, Baldick and Casey",44000
Taylor,John,Male,19,Green,8001,justinvercoe@green.kiwi.nz,Tree surgeon,George-Hughes,222000
North,Oliver,Male,68,TPM,2545,opritchard@mackay.co.nz,Passenger transport manager,Campbell LLC,157000
Evans,Michael,Male,54,ACT,3826,brianmcmillan@bryant.kiwi,"Merchandiser, retail","Pike, Jamieson and Williams",53000
Joe,Cole,Male,22,Labour,9483,gemmawebb@xtra.co.nz,Public relations officer,"Jackson, Sinclair and Harris",139000
